{
	"providers": [
		{
			"type":"bitmap",
			"file":"custom:font/enchantments/aqua_affinity.png",
			"ascent":8,
			"height":8,
			"chars":["\ueff9"]
		},
		{
			"type":"bitmap",
			"file":"custom:font/enchantments/bane_of_arthropods.png",
			"ascent":8,
			"height":8,
			"chars":["\uefa1"]
		},
		{
			"type":"bitmap",
			"file":"custom:font/enchantments/blast_protection.png",
			"ascent":8,
			"height":8,
			"chars":["\uefe5"]
		},
		{
			"type":"bitmap",
			"file":"custom:font/enchantments/channeling.png",
			"ascent":8,
			"height":8,
			"chars":["\uefa2"]
		},
		{
			"type":"bitmap",
			"file":"custom:font/enchantments/cleaving.png",
			"ascent":8,
			"height":8,
			"chars":["\uefa3"]
		},
		{
			"type":"bitmap",
			"file":"custom:font/enchantments/curse_of_binding.png",
			"ascent":8,
			"height":8,
			"chars":["\uefa4"]
		},
		{
			"type":"bitmap",
			"file":"custom:font/enchantments/depth_strider.png",
			"ascent":8,
			"height":8,
			"chars":["\uefa5"]
		},
		{
			"type":"bitmap",
			"file":"custom:font/enchantments/efficiency.png",
			"ascent":8,
			"height":8,
			"chars":["\uefa6"]
		},
		{
			"type":"bitmap",
			"file":"custom:font/enchantments/feather_falling.png",
			"ascent":8,
			"height":8,
			"chars":["\uefa7"]
		},
		{
			"type":"bitmap",
			"file":"custom:font/enchantments/fire_aspect.png",
			"ascent":8,
			"height":8,
			"chars":["\uefa8"]
		},
		{
			"type":"bitmap",
			"file":"custom:font/enchantments/fire_protection.png",
			"ascent":8,
			"height":8,
			"chars":["\uefa9"]
		},
		{
			"type":"bitmap",
			"file":"custom:font/enchantments/flame.png",
			"ascent":8,
			"height":8,
			"chars":["\uefb1"]
		},
		{
			"type":"bitmap",
			"file":"custom:font/enchantments/fortune.png",
			"ascent":8,
			"height":8,
			"chars":["\uefb2"]
		},
		{
			"type":"bitmap",
			"file":"custom:font/enchantments/frost_walker.png",
			"ascent":8,
			"height":8,
			"chars":["\uefb3"]
		},
		{
			"type":"bitmap",
			"file":"custom:font/enchantments/impaling.png",
			"ascent":8,
			"height":8,
			"chars":["\uefb4"]
		},
		{
			"type":"bitmap",
			"file":"custom:font/enchantments/infinity.png",
			"ascent":8,
			"height":8,
			"chars":["\uefb5"]
		},
		{
			"type":"bitmap",
			"file":"custom:font/enchantments/knockback.png",
			"ascent":8,
			"height":8,
			"chars":["\uefb6"]
		},
		{
			"type":"bitmap",
			"file":"custom:font/enchantments/looting.png",
			"ascent":8,
			"height":8,
			"chars":["\uefb7"]
		},
		{
			"type":"bitmap",
			"file":"custom:font/enchantments/loyalty.png",
			"ascent":8,
			"height":8,
			"chars":["\uefb8"]
		},
		{
			"type":"bitmap",
			"file":"custom:font/enchantments/luck_of_the_sea.png",
			"ascent":8,
			"height":8,
			"chars":["\uefb9"]
		},
		{
			"type":"bitmap",
			"file":"custom:font/enchantments/lure.png",
			"ascent":8,
			"height":8,
			"chars":["\uefc1"]
		},
		{
			"type":"bitmap",
			"file":"custom:font/enchantments/mending.png",
			"ascent":8,
			"height":8,
			"chars":["\uefc2"]
		},
		{
			"type":"bitmap",
			"file":"custom:font/enchantments/multishot.png",
			"ascent":8,
			"height":8,
			"chars":["\uefc3"]
		},
		{
			"type":"bitmap",
			"file":"custom:font/enchantments/piercing.png",
			"ascent":8,
			"height":8,
			"chars":["\uefc4"]
		},
		{
			"type":"bitmap",
			"file":"custom:font/enchantments/power.png",
			"ascent":8,
			"height":8,
			"chars":["\uefc5"]
		},
		{
			"type":"bitmap",
			"file":"custom:font/enchantments/projectile_protection.png",
			"ascent":8,
			"height":8,
			"chars":["\uefc6"]
		},
		{
			"type":"bitmap",
			"file":"custom:font/enchantments/protection.png",
			"ascent":8,
			"height":8,
			"chars":["\uefc7"]
		},
		{
			"type":"bitmap",
			"file":"custom:font/enchantments/punch.png",
			"ascent":8,
			"height":8,
			"chars":["\uefc8"]
		},
		{
			"type":"bitmap",
			"file":"custom:font/enchantments/quick_charge.png",
			"ascent":8,
			"height":8,
			"chars":["\uefc9"]
		},
		{
			"type":"bitmap",
			"file":"custom:font/enchantments/respiration.png",
			"ascent":8,
			"height":8,
			"chars":["\uefd1"]
		},
		{
			"type":"bitmap",
			"file":"custom:font/enchantments/riptide.png",
			"ascent":8,
			"height":8,
			"chars":["\uefd2"]
		},
		{
			"type":"bitmap",
			"file":"custom:font/enchantments/sharpness.png",
			"ascent":8,
			"height":8,
			"chars":["\uefd3"]
		},
		{
			"type":"bitmap",
			"file":"custom:font/enchantments/silk_touch.png",
			"ascent":8,
			"height":8,
			"chars":["\uefd4"]
		},
		{
			"type":"bitmap",
			"file":"custom:font/enchantments/smite.png",
			"ascent":8,
			"height":8,
			"chars":["\uefd5"]
		},
		{
			"type":"bitmap",
			"file":"custom:font/enchantments/soul_speed.png",
			"ascent":8,
			"height":8,
			"chars":["\uefd6"]
		},
		{
			"type":"bitmap",
			"file":"custom:font/enchantments/sweeping_edge.png",
			"ascent":8,
			"height":8,
			"chars":["\uefd7"]
		},
		{
			"type":"bitmap",
			"file":"custom:font/enchantments/swift_sneak.png",
			"ascent":8,
			"height":8,
			"chars":["\uefd8"]
		},
		{
			"type":"bitmap",
			"file":"custom:font/enchantments/thorns.png",
			"ascent":8,
			"height":8,
			"chars":["\uefd9"]
		},
		{
			"type":"bitmap",
			"file":"custom:font/enchantments/unbreaking.png",
			"ascent":8,
			"height":8,
			"chars":["\uefe1"]
		},
		{
			"type":"bitmap",
			"file":"custom:font/enchantments/density.png",
			"ascent":8,
			"height":8,
			"chars":["\uefe2"]
		},
		{
			"type":"bitmap",
			"file":"custom:font/enchantments/breach.png",
			"ascent":8,
			"height":8,
			"chars":["\uefe3"]
		},
		{
			"type":"bitmap",
			"file":"custom:font/enchantments/wind_charge.png",
			"ascent":8,
			"height":8,
			"chars":["\uefe4"]
		},
		{
			"type":"bitmap",
			"file":"custom:font/enchantments/curse_of_vanishing.png",
			"ascent":8,
			"height":8,
			"chars":["\uefe6"]
		},
        {
            "type": "bitmap",
            "file": "custom:font/tooltips/levels.png",
            "ascent": 7,
            "height": 9,
            "chars": [
               "\uDB80\uDE28\uDB80\uDE29\uDB80\uDE2A\uDB80\uDE2B\uDB80\uDE2C",
			   "\uDB80\uDE2D\uDB80\uDE2E\uDB80\uDE2F\uDB80\uDE30\uDB80\uDE31",
			   "\uDB80\uDE32\uDB80\uDE33\uDB80\uDE34\uDB80\uDE35\uDB80\uDE36",
			   "\uDB80\uDE37\uDB80\uDE38\uDB80\uDE39\uDB80\uDE3A\uDB80\uDE3B",
			   "\uDB80\uDE3C\uDB80\uDE3D\uDB80\uDE3E\uDB80\uDE3F\uDB80\uDE40",
			   "\uDB80\uDE41\uDB80\uDE42\uDB80\uDE43\uDB80\uDE44\uDB80\uDE45",
			   "\uDB80\uDE46\uDB80\uDE47\uDB80\uDE48\uDB80\uDE49\uDB80\uDE4A",
			   "\uDB80\uDE4B\uDB80\uDE4C\uDB80\uDE4D\uDB80\uDE4E\uDB80\uDE4F",
			   "\uDB80\uDE50\uDB80\uDE51\uDB80\uDE52\uDB80\uDE53\uDB80\uDE54",
			   "\uDB80\uDE55\uDB80\uDE56\uDB80\uDE57\uDB80\uDE58\uDB80\uDE59"
            ]
        }
	]
}